seqnames,start,end,width,strand,exon_number,P.WBC
chr1,7663353,7665199,1847,*,666,0.000798403193612774
chr1,39331138,39336653,5516,*,3600,0.000798403193612774
chr1,39456706,39459249,2544,*,3655,0.000399201596806387
chr1,74571099,74573491,2393,*,21180,0.000399201596806387
chr2,198083749,198086232,2484,*,39458,0.000798403193612774
chr2,60457198,60462424,5227,*,45480,0
chr2,80301878,80303878,2001,*,46579,0.000399201596806387
chr4,1978638,1982207,3570,*,73612,0.000399201596806387
chr4,95840019,95841474,1456,*,77268,0.000399201596806387
chr5,83519349,83522309,2961,*,90119,0.000399201596806387
chr5,87267888,87269055,1168,*,90175,0.000399201596806387
chr5,140827958,140831224,3267,*,92389,0.000798403193612774
chr5,140966235,140969480,3246,*,92397,0.000399201596806387
chr5,141355025,141357730,2706,*,92434,0.000798403193612774
chr5,155013755,155018132,4378,*,93211,0.000798403193612774
chr5,177135087,177136345,1259,*,94226,0.000399201596806387
chr5,177209636,177212195,2560,*,94230,0.000399201596806387
chr5,177293832,177300215,6384,*,94253,0.000798403193612774
chr5,151565673,151568944,3272,*,100492,0.000399201596806387
chr6,152329730,152331890,2161,*,116117,0.000399201596806387
chr7,89333363,89337057,3695,*,120866,0.000798403193612774
chr7,116699071,116700284,1214,*,122539,0.000399201596806387
chr7,151237374,151238827,1454,*,124793,0.000798403193612774
chr7,57119614,57121152,1539,*,127824,0.000798403193612774
chr7,82949476,82951490,2015,*,128874,0.000798403193612774
chr7,127373342,127375034,1693,*,131116,0.000798403193612774
chr7,138916748,138919438,2691,*,131742,0.000798403193612774
chr8,13099347,13100905,1559,*,139458,0.000798403193612774
chr8,109963645,109968599,4955,*,143221,0.000798403193612774
chr9,15504959,15506637,1679,*,151999,0.000399201596806387
chr9,65282101,65285209,3109,*,153254,0.000399201596806387
chr11,6955690,6957848,2159,*,171144,0.000798403193612774
chr11,7089027,7090900,1874,*,171158,0.000399201596806387
chr11,55367884,55368918,1035,*,173420,0.000399201596806387
chr11,70485314,70487720,2407,*,183727,0.000399201596806387
chr12,45850036,45852896,2861,*,189765,0.000798403193612774
chr14,22981261,22982642,1382,*,216680,0
chr14,70166639,70168484,1846,*,218981,0.000798403193612774
chr15,23565678,23568020,2343,*,221508,0.000399201596806387
chr15,77613027,77615900,2874,*,232154,0.000798403193612774
chr16,29980352,29981754,1403,*,236616,0.000399201596806387
chr16,29986265,29988398,2134,*,236623,0.000399201596806387
chr18,25224345,25227697,3353,*,268673,0.000399201596806387
chr19,9185594,9188817,3224,*,271886,0.000798403193612774
chr19,21536280,21538078,1799,*,273807,0
chr19,33771957,33773509,1553,*,274268,0.000798403193612774
chr19,8971664,8981342,9679,*,280265,0.000798403193612774
chr19,21971191,21974807,3617,*,282360,0.000399201596806387
chr19,44326555,44329936,3382,*,284239,0.000399201596806387
chr19,56810083,56817579,7497,*,286416,0.000798403193612774
chr20,32434432,32439319,4888,*,288011,0.000399201596806387
chr22,41091786,41093098,1313,*,300742,0
chr22,41176773,41180077,3305,*,300773,0.000399201596806387
chrX,23392531,23404372,11842,*,305766,0
chrX,27746809,27748821,2013,*,305923,0
chrX,37008397,37011666,3270,*,306090,0
chrX,141905409,141909388,3980,*,309700,0
chrX,34129756,34132314,2559,*,311475,0
chrX,126551195,126552851,1657,*,314431,0
chrX,130064874,130067525,2652,*,314494,0
chrX,137030148,137031674,1527,*,314951,0
chrX,139955725,139956739,1015,*,315043,0
chr1,32156853,32156945,93,*,3054,0
chr1,38019059,38019152,94,*,3526,0.000399201596806387
chr1,39254298,39254648,351,*,3566,0.000399201596806387
chr1,39283409,39283515,107,*,3572,0.000399201596806387
chr1,39285083,39285210,128,*,3574,0.000399201596806387
chr1,39293458,39293619,162,*,3579,0.000399201596806387
chr1,39297620,39297745,126,*,3582,0.000399201596806387
chr1,39300210,39300362,153,*,3584,0.000399201596806387
chr1,39315513,39315691,179,*,3589,0.000399201596806387
chr1,39319664,39319747,84,*,3593,0.000399201596806387
chr1,39340502,39340717,216,*,3602,0
chr1,39357375,39357893,519,*,3608,0
chr1,39368148,39368314,167,*,3613,0.000399201596806387
chr1,39424028,39424194,167,*,3625,0.000399201596806387
chr1,39435558,39436007,450,*,3634,0.000399201596806387
chr1,39439274,39439500,227,*,3637,0.000399201596806387
chr1,39442147,39442320,174,*,3641,0.000399201596806387
chr1,39442412,39442567,156,*,3642,0.000399201596806387
chr1,39447692,39447898,207,*,3647,0.000399201596806387
chr1,39454909,39455097,189,*,3654,0.000399201596806387
chr1,40837665,40837794,130,*,3836,0.000399201596806387
chr1,77286941,77287127,187,*,6008,0
chr1,77521827,77521943,117,*,6021,0
chr1,103573063,103573260,198,*,7043,0
chr1,103754715,103754814,100,*,7087,0
chr1,114855438,114855572,135,*,7809,0
chr1,171987656,171987805,150,*,11038,0
chr1,176699100,176699589,490,*,11268,0.000399201596806387
chr1,176769607,176769784,178,*,11276,0.000399201596806387
chr1,176791347,176791482,136,*,11279,0.000399201596806387
chr1,198716682,198716840,159,*,12345,0.000399201596806387
chr1,198744054,198744203,150,*,12358,0.000399201596806387
chr1,207476234,207476419,186,*,13203,0
chr1,217782174,217782322,149,*,13678,0.000399201596806387
chr1,230762653,230762786,134,*,14456,0.000399201596806387
chr1,240438061,240438210,150,*,14943,0.000399201596806387
chr1,248038268,248039206,939,*,15284,0.000798403193612774
chr1,19385505,19385626,122,*,17236,0.000399201596806387
chr1,21878577,21878663,87,*,17592,0.000399201596806387
chr1,40301812,40301889,78,*,19251,0.000399201596806387
chr1,77566081,77566181,101,*,21272,0.000399201596806387
chr1,79005070,79005219,150,*,21364,0.000399201596806387
chr1,97306177,97306297,121,*,22190,0
chr1,102984138,102984191,54,*,22390,0
chr1,102995989,102996042,54,*,22394,0
chr1,103005838,103005891,54,*,22405,0
chr1,103014511,103014594,84,*,22410,0
chr1,115738224,115738335,112,*,23146,0.000399201596806387
chr1,146136353,146136455,103,*,23982,0.000399201596806387
chr1,149933406,149933530,125,*,24354,0.000399201596806387
chr1,157581531,157581644,114,*,25648,0.000399201596806387
chr1,179564690,179564793,104,*,26932,0.000399201596806387
chr1,190097662,190099134,1473,*,27310,0
chr1,196340341,196340570,230,*,27382,0.000399201596806387
chr1,216097083,216097213,131,*,28603,0
chr1,240813618,240813728,111,*,29896,0.000399201596806387
chr1,240936600,240936706,107,*,29905,0
chr2,74093529,74093666,138,*,33963,0.000399201596806387
chr2,75652523,75652657,135,*,34089,0
chr2,79027034,79027250,217,*,34124,0.000798403193612774
chr2,79909594,79909797,204,*,34158,0.000399201596806387
chr2,80589304,80589485,182,*,34171,0.000399201596806387
chr2,89936859,89936942,84,*,34693,0.000399201596806387
chr2,90190193,90190267,75,*,34735,0.000798403193612774
chr2,90210234,90210529,296,*,34738,0.000798403193612774
chr2,115727816,115727936,121,*,36295,0.000399201596806387
chr2,115777208,115777299,92,*,36301,0
chr2,161894679,161894825,147,*,37900,0.000399201596806387
chr2,166903465,166903890,426,*,38047,0
chr2,181509658,181509807,150,*,38858,0.000399201596806387
chr2,182751658,182751785,128,*,38922,0.000399201596806387
chr2,201271516,201271621,106,*,39711,0.000399201596806387
chr2,201272638,201272942,305,*,39712,0.000399201596806387
chr2,201276827,201277104,278,*,39714,0.000399201596806387
chr2,225581941,225583035,1095,*,41129,0.000399201596806387
chr2,227240143,227240232,90,*,41156,0.000399201596806387
chr2,231078659,231078747,89,*,41423,0.000399201596806387
chr2,232534224,232534342,119,*,41593,0
chr2,27492666,27492790,125,*,44007,0
chr2,39325518,39325628,111,*,44659,0.000399201596806387
chr2,127657403,127657562,160,*,48731,0.000399201596806387
chr2,140357979,140358116,138,*,49253,0.000399201596806387
chr2,140358821,140358946,126,*,49254,0.000399201596806387
chr2,140450568,140450661,94,*,49264,0.000399201596806387
chr2,140536581,140536709,129,*,49281,0
chr2,140601450,140601639,190,*,49285,0.000399201596806387
chr2,140702427,140702553,127,*,49290,0
chr2,140813657,140813806,150,*,49296,0.000399201596806387
chr2,140993995,140994135,141,*,49312,0.000399201596806387
chr2,141247226,141247354,129,*,49325,0.000399201596806387
chr2,165998038,165998175,138,*,50402,0
chr2,166441396,166441752,357,*,50469,0
chr2,169209453,169209641,189,*,50608,0
chr2,169242956,169243072,117,*,50622,0
chr2,171330559,171330698,140,*,50772,0
chr2,207930926,207931119,194,*,52842,0.000399201596806387
chr2,224500363,224500487,125,*,53727,0.000399201596806387
chr2,224503652,224504324,673,*,53729,0.000399201596806387
chr2,224506858,224507003,146,*,53731,0
chr2,224511354,224511582,229,*,53732,0.000399201596806387
chr2,224513524,224513638,115,*,53733,0.000399201596806387
chr2,224514612,224514772,161,*,53734,0.000399201596806387
chr2,224535528,224535641,114,*,53736,0
chr3,7146452,7146668,217,*,55024,0.000399201596806387
chr3,13629164,13629292,129,*,55549,0.000399201596806387
chr3,30650270,30650460,191,*,56086,0
chr3,30674105,30674246,142,*,56088,0.000399201596806387
chr3,62269035,62269169,135,*,58450,0
chr3,85802047,85802196,150,*,58873,0.000399201596806387
chr3,89449225,89449374,150,*,58939,0.000399201596806387
chr3,111919072,111919215,144,*,59529,0.000399201596806387
chr3,120750523,120751056,534,*,59958,0.000399201596806387
chr3,124227990,124228064,75,*,60171,0
chr3,140562811,140562956,146,*,61236,0.000399201596806387
chr3,155142237,155142330,94,*,61850,0
chr3,156457453,156457532,80,*,61908,0
chr3,179198750,179199179,430,*,62563,0.000399201596806387
chr3,179204503,179204588,86,*,62567,0.000399201596806387
chr3,179210186,179210338,153,*,62569,0
chr3,179218210,179218334,125,*,62571,0
chr3,179219551,179219735,185,*,62573,0.000399201596806387
chr3,179230225,179230376,152,*,62581,0
chr3,179390004,179390138,135,*,62611,0.000399201596806387
chr3,183761507,183761614,108,*,62852,0.000399201596806387
chr3,8629664,8629726,63,*,64017,0
chr3,27411642,27411748,107,*,64997,0.000399201596806387
chr3,49375434,49375591,158,*,66578,0.000399201596806387
chr3,55950425,55950560,136,*,67245,0.000399201596806387
chr3,62585185,62585324,140,*,67608,0
chr3,93896576,93896691,116,*,68298,0.000399201596806387
chr3,108476397,108476515,119,*,68719,0.000399201596806387
chr3,109304475,109304670,196,*,68800,0
chr3,109309170,109309330,161,*,68803,0
chr3,109331734,109331784,51,*,68809,0
chr3,122915440,122915621,182,*,69447,0.000399201596806387
chr3,122923617,122923752,136,*,69451,0.000399201596806387
chr3,126160853,126161002,150,*,69771,0.000399201596806387
chr3,138304873,138305027,155,*,70477,0
chr3,157313621,157313755,135,*,71348,0.000399201596806387
chr3,165009279,165009395,117,*,71555,0.000399201596806387
chr3,165017761,165017873,113,*,71560,0
chr3,165023570,165023776,207,*,71564,0.000399201596806387
chr3,179807674,179807831,158,*,72082,0
chr3,179874327,179874423,97,*,72090,0
chr3,183219856,183219924,69,*,72242,0.000399201596806387
chr4,1801835,1802025,191,*,73571,0.000399201596806387
chr4,1935144,1935262,119,*,73595,0.000399201596806387
chr4,1955161,1955340,180,*,73602,0
chr4,1955983,1956188,206,*,73604,0
chr4,1959471,1959740,270,*,73606,0
chr4,1974787,1975004,218,*,73609,0
chr4,49007131,49007326,196,*,75397,0.000399201596806387
chr4,78534449,78534615,167,*,76620,0
chr4,93455662,93455974,313,*,77185,0.000798403193612774
chr4,155717159,155717302,144,*,79274,0.000399201596806387
chr4,157332819,157332986,168,*,79350,0
chr4,176150043,176150173,131,*,79853,0.000399201596806387
chr4,176163154,176163293,140,*,79860,0
chr4,176173267,176173369,103,*,79864,0.000399201596806387
chr4,2956670,2956811,142,*,80623,0
chr4,48094077,48094204,128,*,82057,0
chr4,55098137,55098272,136,*,82294,0.000399201596806387
chr4,65495388,65495543,156,*,82542,0.000399201596806387
chr4,65601641,65602304,664,*,82543,0.000399201596806387
chr4,69489439,69489570,132,*,82773,0.000399201596806387
chr4,95301606,95301749,144,*,83850,0
chr4,161775878,161776074,197,*,86061,0
chr4,162111271,162111412,142,*,86064,0
chr4,169479403,169479534,132,*,86305,0
chr4,186596540,186597271,732,*,86888,0.000399201596806387
chr4,186609183,186609320,138,*,86898,0.000399201596806387
chr5,7626167,7626316,150,*,87329,0.000399201596806387
chr5,7717157,7717237,81,*,87339,0
chr5,23509920,23510027,108,*,87710,0
chr5,23523291,23523358,68,*,87715,0.000399201596806387
chr5,23524334,23524527,194,*,87716,0.000399201596806387
chr5,32724698,32724820,123,*,87878,0.000399201596806387
chr5,40979725,40979909,185,*,88277,0.000399201596806387
chr5,87337972,87338091,120,*,90181,0
chr5,87349214,87349364,151,*,90184,0
chr5,87362551,87362671,121,*,90186,0
chr5,87363348,87363504,157,*,90187,0
chr5,87378396,87378538,143,*,90195,0
chr5,87379735,87379850,116,*,90196,0
chr5,87380509,87380595,87,*,90197,0
chr5,87390800,87391931,1132,*,90202,0.000399201596806387
chr5,146471488,146471576,89,*,92659,0
chr5,150389887,150390023,137,*,92972,0.000399201596806387
chr5,177191884,177192019,136,*,94228,0.000399201596806387
chr5,177239756,177239865,110,*,94234,0.000399201596806387
chr5,177246678,177246796,119,*,94236,0.000399201596806387
chr5,177248181,177248324,144,*,94237,0.000399201596806387
chr5,177251730,177251853,124,*,94238,0
chr5,177256951,177257151,201,*,94239,0.000399201596806387
chr5,177269602,177269807,206,*,94246,0
chr5,177273672,177273784,113,*,94247,0.000399201596806387
chr5,177280565,177280834,270,*,94248,0.000399201596806387
chr5,177282465,177282581,117,*,94249,0.000399201596806387
chr5,177283787,177283928,142,*,94250,0
chr5,177291954,177292158,205,*,94252,0.000399201596806387
chr5,1279291,1279470,180,*,94781,0.000399201596806387
chr5,1293313,1294666,1354,*,94784,0.000798403193612774
chr5,9051873,9052028,156,*,95029,0
chr5,11082696,11082846,151,*,95133,0.000399201596806387
chr5,11346372,11346627,256,*,95141,0.000399201596806387
chr5,11364598,11364890,293,*,95142,0.000399201596806387
chr5,13721000,13721245,246,*,95173,0.000399201596806387
chr5,13727507,13727656,150,*,95174,0.000399201596806387
chr5,13817548,13817694,147,*,95203,0
chr5,24505112,24505248,137,*,95475,0.000399201596806387
chr5,24511327,24511514,188,*,95477,0.000399201596806387
chr5,24537380,24537674,295,*,95480,0
chr5,41018883,41019018,136,*,96195,0.000399201596806387
chr5,41038736,41038888,153,*,96199,0.000399201596806387
chr5,41158674,41158785,112,*,96226,0.000399201596806387
chr5,45353100,45353246,147,*,96381,0.000399201596806387
chr5,88731437,88731901,465,*,97756,0.000399201596806387
chr5,88751857,88752043,187,*,97758,0.000399201596806387
chr5,88761185,88761328,144,*,97760,0
chr5,88804526,88804801,276,*,97762,0.000399201596806387
chr5,151531587,151531972,386,*,100480,0
chr5,151549295,151549505,211,*,100485,0
chr5,151550590,151550871,282,*,100486,0.000399201596806387
chr5,151551467,151551606,140,*,100487,0
chr5,151554362,151554673,312,*,100489,0
chr5,160640461,160640592,132,*,100888,0
chr5,180137590,180137712,123,*,101767,0
chr6,26045411,26045821,411,*,102773,0
chr6,26204645,26204956,312,*,102791,0
chr6,26216975,26217367,393,*,102792,0
chr6,26240426,26240737,312,*,102796,0
chr6,42616002,42616090,89,*,104632,0
chr6,43252739,43252886,148,*,104833,0
chr6,55248639,55248817,179,*,105363,0
chr6,68993768,68993962,195,*,105529,0
chr6,69927909,69928032,124,*,105560,0
chr6,104958099,104958286,188,*,106487,0
chr6,129366219,129366361,143,*,107363,0
chr6,142397613,142397755,143,*,107854,0
chr6,144487548,144487697,150,*,107990,0.000399201596806387
chr6,26055787,26056428,642,*,110177,0.000399201596806387
chr6,27807444,27807931,488,*,110242,0
chr6,27831216,27831527,312,*,110245,0
chr6,27892757,27893149,393,*,110253,0
chr6,37215198,37215282,85,*,111611,0.000399201596806387
chr6,44303286,44303423,138,*,112139,0.000399201596806387
chr6,49960249,49960446,198,*,112363,0.000399201596806387
chr6,62177185,62177312,128,*,112889,0.000399201596806387
chr6,65384386,65384500,115,*,112959,0.000399201596806387
chr6,75259347,75259490,144,*,113245,0.000399201596806387
chr6,152442075,152442245,171,*,116161,0.000399201596806387
chr6,153026454,153026543,90,*,116220,0
chr6,155422694,155422856,163,*,116289,0.000399201596806387
chr6,165301569,165302296,728,*,116598,0.000399201596806387
chr6,165435237,165435377,141,*,116616,0.000399201596806387
chr7,6387212,6387283,72,*,117373,0.000399201596806387
chr7,21638939,21639065,127,*,117918,0.000399201596806387
chr7,37948840,37949048,209,*,118774,0.000399201596806387
chr7,45648670,45648797,128,*,119124,0.000399201596806387
chr7,45657727,45657885,159,*,119125,0.000399201596806387
chr7,71571285,71571402,118,*,119966,0.000399201596806387
chr7,86838839,86839905,1067,*,120722,0
chr7,94409322,94409420,99,*,121162,0.000399201596806387
chr7,98627165,98627344,180,*,121346,0.000399201596806387
chr7,116731668,116731859,192,*,122542,0.000399201596806387
chr7,116757638,116757774,137,*,122547,0.000399201596806387
chr7,116781988,116782097,110,*,122557,0.000399201596806387
chr7,128850803,128850943,141,*,123101,0
chr7,142036823,142036977,155,*,123910,0
chr7,142065335,142065468,134,*,123930,0
chr7,142301135,142301432,298,*,124017,0.000399201596806387
chr7,148753976,148754150,175,*,124405,0
chr7,148756983,148757150,168,*,124406,0
chr7,148759548,148759638,91,*,124408,0
chr7,148766561,148766723,163,*,124410,0
chr7,148786551,148786599,49,*,124414,0
chr7,148786989,148787120,132,*,124415,0.000399201596806387
chr7,148788557,148788674,118,*,124416,0
chr7,148789750,148789826,77,*,124417,0.000399201596806387
chr7,148792726,148792818,93,*,124419,0.000399201596806387
chr7,148797812,148797859,48,*,124420,0
chr7,2937907,2938032,126,*,125393,0
chr7,2947575,2947787,213,*,125398,0.000399201596806387
chr7,7477112,7477180,69,*,125742,0.000399201596806387
chr7,11406910,11407055,146,*,125824,0.000399201596806387
chr7,14338515,14338710,196,*,125921,0.000399201596806387
chr7,80462502,80462631,130,*,128733,0
chr7,80916679,80916819,141,*,128762,0.000399201596806387
chr7,82908877,82909013,137,*,128872,0.000399201596806387
chr7,95396277,95396368,92,*,129324,0
chr7,102913086,102913215,130,*,130054,0
chr7,126532952,126533905,954,*,131085,0.000399201596806387
chr7,127106496,127106712,217,*,131102,0
chr7,140753275,140753393,119,*,131895,0
chr8,21999536,21999674,139,*,133781,0.000399201596806387
chr8,37838956,37839083,128,*,134827,0.000399201596806387
chr8,68146209,68146352,144,*,136049,0
chr8,68721361,68721437,77,*,136070,0
chr8,69627210,69627306,97,*,136102,0.000399201596806387
chr8,72567642,72568313,672,*,136189,0.000399201596806387
chr8,75016565,75016705,141,*,136284,0.000399201596806387
chr8,75560344,75560466,123,*,136309,0
chr8,109461772,109461908,137,*,137577,0.000399201596806387
chr8,144041232,144041371,140,*,138622,0.000399201596806387
chr8,3108603,3108748,146,*,138943,0.000798403193612774
chr8,3369254,3369370,117,*,138974,0.000399201596806387
chr8,3409423,3409607,185,*,138982,0.000399201596806387
chr8,52171792,52172583,792,*,141016,0
chr8,52539831,52539911,81,*,141039,0
chr8,61525977,61526112,136,*,141338,0.000399201596806387
chr8,71317552,71317689,138,*,141724,0.000399201596806387
chr8,71354782,71354909,128,*,141727,0.000399201596806387
chr8,86632752,86632893,142,*,142255,0.000399201596806387
chr8,91986124,91986325,202,*,142401,0
chr8,102346903,102347092,190,*,142992,0.000399201596806387
chr8,103407634,103407784,151,*,143056,0
chr8,107989056,107989244,189,*,143145,0.000399201596806387
chr8,112234365,112234477,113,*,143251,0.000399201596806387
chr8,112244394,112244573,180,*,143254,0.000399201596806387
chr8,112287064,112287246,183,*,143261,0.000399201596806387
chr8,112289365,112289538,174,*,143262,0.000399201596806387
chr8,112295833,112296006,174,*,143265,0.000399201596806387
chr8,112682442,112682636,195,*,143304,0
chr8,121617105,121617206,102,*,143534,0.000399201596806387
chr8,130867846,130867946,101,*,143934,0.000399201596806387
chr8,138138986,138139096,111,*,144150,0
chr8,138265703,138265842,140,*,144165,0.000399201596806387
chr8,138367907,138368002,96,*,144170,0
chr9,90888515,90888627,113,*,147843,0.000399201596806387
chr9,127479383,127479505,123,*,149672,0.000399201596806387
chr9,128568772,128568897,126,*,149920,0
chr9,128576823,128576956,134,*,149923,0.000399201596806387
chr9,128577129,128577273,145,*,149924,0.000399201596806387
chr9,128577352,128577506,155,*,149925,0.000399201596806387
chr9,128583077,128583281,205,*,149932,0.000399201596806387
chr9,128585748,128585965,218,*,149936,0.000399201596806387
chr9,128588809,128588943,135,*,149938,0.000399201596806387
chr9,128607852,128608276,425,*,149951,0.000399201596806387
chr9,128615632,128615840,209,*,149958,0.000399201596806387
chr9,128625769,128625978,210,*,149964,0.000399201596806387
chr9,128626391,128626687,297,*,149965,0.000399201596806387
chr9,128632572,128633190,619,*,149972,0.000798403193612774
chr9,128714046,128714121,76,*,150000,0
chr9,15468630,15468843,214,*,151985,0.000399201596806387
chr9,15485903,15486068,166,*,151994,0.000399201596806387
chr9,35720812,35720913,102,*,152726,0
chr9,36846843,36846929,87,*,152815,0.000399201596806387
chr9,36966549,36966724,176,*,152821,0.000399201596806387
chr9,37002648,37002776,129,*,152822,0.000399201596806387
chr9,37014997,37015194,198,*,152824,0.000399201596806387
chr9,89042026,89042184,159,*,153993,0.000399201596806387
chr9,133708287,133708428,142,*,156712,0.000399201596806387
chr9,136498899,136498996,98,*,156992,0.000798403193612774
chr9,136499112,136499259,148,*,156993,0.000399201596806387
chr9,136500552,136500847,296,*,156994,0.000399201596806387
chr9,136501748,136501913,166,*,156995,0.000399201596806387
chr9,136506527,136506639,113,*,157001,0
chr9,136507955,136508139,185,*,157004,0
chr9,136508232,136508385,154,*,157005,0
chr9,136509733,136509961,229,*,157007,0
chr9,136513021,136513134,114,*,157010,0
chr9,136513392,136513537,146,*,157011,0
chr9,136514510,136514702,193,*,157012,0
chr9,136515290,136515400,111,*,157013,0
chr9,136515483,136515716,234,*,157014,0
chr9,136517272,136517385,114,*,157016,0
chr9,136518137,136518292,156,*,157018,0
chr9,136518591,136518824,234,*,157019,0
chr9,136519443,136519565,123,*,157020,0
chr9,136523717,136523979,263,*,157023,0
chr10,17863534,17863682,149,*,158085,0.000399201596806387
chr10,49655095,49655236,142,*,159492,0.000399201596806387
chr10,82973788,82973915,128,*,160872,0
chr10,91461254,91461356,103,*,161307,0
chr10,94270486,94270602,117,*,161555,0.000399201596806387
chr10,94849917,94850058,142,*,161627,0.000399201596806387
chr10,105139397,105139486,90,*,162457,0.000399201596806387
chr10,105223116,105223249,134,*,162469,0.000399201596806387
chr10,116626864,116626998,135,*,162930,0.000399201596806387
chr10,119448123,119448260,138,*,163048,0
chr10,129759202,129759341,140,*,163613,0.000399201596806387
chr10,7172495,7172661,167,*,164236,0.000399201596806387
chr10,16952276,16952389,114,*,164693,0.000399201596806387
chr10,17084271,17084461,191,*,164710,0.000399201596806387
chr10,17126761,17126799,39,*,164724,0
chr10,49744650,49744752,103,*,166128,0.000399201596806387
chr10,54378782,54378942,161,*,166326,0.000399201596806387
chr10,85854496,85854615,120,*,167525,0.000399201596806387
chr10,96397186,96397302,117,*,168112,0.000798403193612774
chr10,104039445,104039519,75,*,168888,0.000399201596806387
chr10,106652382,106652553,172,*,168998,0.000798403193612774
chr11,22375982,22376092,111,*,172104,0.000399201596806387
chr11,58616716,58616815,100,*,173628,0.000399201596806387
chr11,92789943,92790218,276,*,176611,0.000399201596806387
chr11,533766,533976,211,*,179079,0
chr11,687911,688057,147,*,179139,0
chr11,17405494,17405563,70,*,180506,0
chr11,26712641,26712706,66,*,180864,0
chr11,31065019,31065153,135,*,181006,0
chr11,62609354,62609477,124,*,182584,0.000399201596806387
chr11,84059315,84059484,170,*,184709,0
chr11,102954458,102954606,149,*,185321,0.000399201596806387
chr11,122979261,122979457,197,*,186457,0.000399201596806387
chr12,40257248,40257377,130,*,189372,0.000399201596806387
chr12,56104319,56104825,507,*,190945,0
chr12,56110399,56111309,911,*,190952,0
chr12,56111476,56111529,54,*,190953,0
chr12,56112823,56113907,1085,*,190954,0
chr12,57575084,57575272,189,*,191250,0
chr12,62321461,62321609,149,*,191418,0.000399201596806387
chr12,78050764,78051147,384,*,192218,0.000399201596806387
chr12,78118027,78118297,271,*,192221,0.000399201596806387
chr12,78159203,78159286,84,*,192230,0
chr12,78168755,78168866,112,*,192231,0
chr12,79217503,79217685,183,*,192270,0
chr12,79296069,79296236,168,*,192274,0
chr12,80261969,80262093,125,*,192312,0.000399201596806387
chr12,98662456,98662568,113,*,193005,0
chr12,98662675,98662806,132,*,193006,0
chr12,98666190,98666357,168,*,193008,0
chr12,98671535,98671719,185,*,193011,0
chr12,98683143,98683274,132,*,193014,0
chr12,98699408,98699569,162,*,193016,0
chr12,100418029,100418156,128,*,193088,0
chr12,109084953,109085073,121,*,193786,0.000399201596806387
chr12,112869893,112870039,147,*,194259,0.000399201596806387
chr12,125644076,125644281,206,*,195251,0.000399201596806387
chr12,6057849,6058044,196,*,196157,0.000399201596806387
chr12,13611725,13611850,126,*,197072,0
chr12,25245274,25245395,122,*,197568,0.000399201596806387
chr12,45036019,45036114,96,*,198403,0
chr12,49022043,49022151,109,*,198837,0.000399201596806387
chr12,61867320,61867426,107,*,200501,0
chr12,71644877,71645075,199,*,201002,0
chr12,76450851,76450988,138,*,201160,0
chr12,81374634,81374768,135,*,201314,0
chr12,85027899,85028023,125,*,201369,0
chr12,99246275,99246864,590,*,201966,0
chr12,114398573,114398720,148,*,203049,0
chr12,129209520,129209663,144,*,204127,0.000399201596806387
chr12,129699810,129700705,896,*,204135,0
chr13,26385211,26385342,132,*,204902,0
chr13,26393367,26393510,144,*,204903,0.000399201596806387
chr13,31758258,31758404,147,*,205108,0.000399201596806387
chr13,38850944,38851108,165,*,205450,0
chr13,48367494,48367603,110,*,205863,0
chr13,48459688,48459833,146,*,205875,0
chr13,108785635,108785743,109,*,207145,0
chr13,110714982,110716008,1027,*,207265,0.000399201596806387
chr13,19179341,19179563,223,*,207726,0
chr13,69882283,69882495,213,*,209690,0
chr13,69961308,69961444,137,*,209693,0
chr13,101107487,101107609,123,*,210435,0
chr13,101191917,101192054,138,*,210446,0
chr13,103058264,103058382,119,*,210510,0
chr14,61485502,61485656,155,*,213137,0.000399201596806387
chr14,74894312,74894409,98,*,214171,0
chr14,22974974,22975295,322,*,216673,0.000399201596806387
chr14,22976456,22976518,63,*,216675,0
chr14,22976645,22977223,579,*,216676,0.000399201596806387
chr14,22978344,22978445,102,*,216678,0.000399201596806387
chr14,23429229,23429347,119,*,216848,0.000399201596806387
chr14,47061249,47061578,330,*,217738,0.000399201596806387
chr14,63698569,63698658,90,*,218631,0.000399201596806387
chr14,105741893,105742222,330,*,220948,0
chr15,27527433,27527629,197,*,221849,0.000399201596806387
chr15,33748114,33748260,147,*,222347,0.000399201596806387
chr15,41470257,41470392,136,*,222882,0.000399201596806387
chr15,44711477,44711613,137,*,223316,0.000399201596806387
chr15,54567800,54567947,148,*,223868,0.000399201596806387
chr15,72406602,72406751,150,*,224912,0.000399201596806387
chr15,38500103,38500139,37,*,228459,0
chr15,38507726,38508001,276,*,228465,0.000399201596806387
chr15,38512783,38512956,174,*,228467,0.000399201596806387
chr15,38516197,38516350,154,*,228468,0.000399201596806387
chr15,38559821,38560082,262,*,228472,0.000399201596806387
chr15,48151473,48151571,99,*,229601,0
chr15,48534080,48534205,126,*,229687,0.000798403193612774
chr15,48760135,48760266,132,*,229708,0
chr15,78999743,78999913,171,*,232348,0.000399201596806387
chr16,1338902,1338989,88,*,233934,0.000399201596806387
chr16,2048587,2048753,167,*,234146,0.000399201596806387
chr16,2071769,2071934,166,*,234165,0.000798403193612774
chr16,2076068,2076257,190,*,234170,0
chr16,2077404,2077726,323,*,234172,0.000399201596806387
chr16,2082436,2082504,69,*,234177,0.000399201596806387
chr16,7518147,7518389,243,*,234771,0.000399201596806387
chr16,10877198,10877382,185,*,234918,0.000399201596806387
chr16,10898670,10898732,63,*,234922,0.000399201596806387
chr16,10910188,10910259,72,*,234929,0.000399201596806387
chr16,10916367,10916459,93,*,234931,0.000399201596806387
chr16,10918440,10918526,87,*,234933,0.000399201596806387
chr16,20431220,20431321,102,*,235646,0.000399201596806387
chr16,29982734,29982901,168,*,236618,0.000399201596806387
chr16,29983072,29983332,261,*,236619,0.000399201596806387
chr16,50754319,50754424,106,*,237688,0.000399201596806387
chr16,50777825,50778294,470,*,237691,0.000399201596806387
chr16,50781246,50781411,166,*,237693,0
chr16,55484016,55484164,149,*,237888,0.000399201596806387
chr16,55696225,55696337,113,*,237925,0.000399201596806387
chr16,67616745,67616878,134,*,238783,0
chr16,3738559,3738672,114,*,241417,0.000399201596806387
chr16,20543135,20543262,128,*,242697,0.000399201596806387
chr16,77322336,77322466,131,*,246342,0.000399201596806387
chr17,3018061,3018198,138,*,247386,0.000399201596806387
chr17,31201411,31201485,75,*,250123,0
chr17,41935217,41935348,132,*,251214,0.000399201596806387
chr17,42788681,42788797,117,*,251395,0
chr17,45081644,45081752,109,*,251714,0.000399201596806387
chr17,68045772,68045921,150,*,253719,0.000399201596806387
chr17,7670609,7670715,107,*,256650,0
chr17,7673535,7673608,74,*,256652,0.000798403193612774
chr17,7673701,7673837,137,*,256653,0.000399201596806387
chr17,10303394,10303498,105,*,256978,0.000399201596806387
chr17,10362360,10362503,144,*,257012,0
chr17,10451326,10451452,127,*,257068,0
chr17,10501110,10501499,390,*,257109,0.000399201596806387
chr17,34361785,34361896,112,*,258892,0.000399201596806387
chr17,40864806,40864962,157,*,259846,0.000399201596806387
chr17,41583760,41583921,162,*,260024,0
chr17,44211606,44211747,142,*,260637,0
chr17,45396916,45397024,109,*,260893,0
chr17,63929434,63929475,42,*,262373,0.000399201596806387
chr17,66062963,66063081,119,*,262629,0.000399201596806387
chr17,68990837,68990957,121,*,262841,0.000399201596806387
chr18,8379167,8379340,174,*,264900,0
chr18,8380296,8380427,132,*,264901,0
chr18,23750918,23751088,171,*,265611,0.000399201596806387
chr18,51048686,51048860,175,*,266523,0.000399201596806387
chr18,53157356,53157512,157,*,266567,0.000399201596806387
chr18,61536493,61536629,137,*,266943,0.000399201596806387
chr18,69738965,69739160,196,*,267232,0.000399201596806387
chr18,3879112,3880140,1029,*,267832,0.000399201596806387
chr18,5415818,5416378,561,*,267877,0.000399201596806387
chr19,6743708,6743890,183,*,271505,0
chr19,6744554,6744700,147,*,271506,0
chr19,6749934,6750066,133,*,271510,0
chr19,8057801,8057925,125,*,271794,0.000399201596806387
chr19,10461004,10461103,100,*,272053,0
chr19,17877723,17877863,141,*,273277,0.000399201596806387
chr19,30547943,30549514,1572,*,274070,0.000399201596806387
chr19,52353682,52353808,127,*,277542,0.000399201596806387
chr19,53900611,53900749,139,*,277750,0
chr19,2757693,2757782,90,*,279097,0
chr19,5274199,5274344,146,*,279514,0.000399201596806387
chr19,7981083,7981186,104,*,279995,0.000399201596806387
chr19,10115684,10115820,137,*,280445,0
chr19,13303767,13303884,118,*,281107,0
chr19,16520364,16520507,144,*,281651,0.000399201596806387
chr19,41981502,41981636,135,*,283824,0.000399201596806387
chr19,42006645,42006810,166,*,283842,0.000399201596806387
chr19,45178093,45178237,145,*,284319,0.000399201596806387
chr19,56824262,56825006,745,*,286422,0.000399201596806387
chr19,58499492,58499690,199,*,286575,0.000399201596806387
chr20,38363975,38364066,92,*,288756,0.000798403193612774
chr20,38895565,38895710,146,*,288842,0.000399201596806387
chr20,61852754,61852898,145,*,290051,0
chr20,64239760,64239903,144,*,290469,0
chr20,487427,487575,149,*,290518,0
chr20,488678,488778,101,*,290519,0
chr20,489780,489881,102,*,290520,0
chr20,492254,492364,111,*,290521,0
chr20,495719,495802,84,*,290522,0
chr20,504784,505229,446,*,290527,0
chr20,508451,508660,210,*,290528,0
chr20,35123890,35124034,145,*,292171,0.000399201596806387
chr20,36930760,36930875,116,*,292427,0.000399201596806387
chr20,46596157,46596342,186,*,293031,0
chr21,36280285,36280346,62,*,295148,0
chr21,31223406,31223591,186,*,297039,0
chr21,40124195,40124328,134,*,297643,0.000399201596806387
chr22,15698662,15698768,107,*,298214,0.000399201596806387
chr22,24855285,24855430,146,*,299341,0.000399201596806387
chr22,31611766,31611840,75,*,299932,0.000399201596806387
chr22,41117187,41117821,635,*,300743,0
chr22,41129890,41130003,114,*,300746,0
chr22,41135813,41135906,94,*,300748,0
chr22,41149761,41150198,438,*,300755,0
chr22,41157169,41157408,240,*,300759,0
chr22,41168721,41168867,147,*,300767,0
chr22,41169503,41169616,114,*,300768,0
chr22,41170406,41170571,166,*,300769,0
chr22,41172499,41172663,165,*,300770,0
chr22,41173623,41173784,162,*,300771,0
chr22,43435034,43435215,182,*,301056,0
chr22,48646597,48646746,150,*,301424,0
chr22,21772873,21772982,110,*,302428,0
chr22,36284093,36284511,419,*,303542,0.000798403193612774
chr22,36285121,36285329,209,*,303543,0
chr22,36291986,36292234,249,*,303550,0
chr22,36293329,36293481,153,*,303551,0
chr22,36294092,36294298,207,*,303553,0
chr22,36305930,36306051,122,*,303564,0
chr22,36312049,36312222,174,*,303567,0
chr22,36314145,36314318,174,*,303568,0
chr22,36316513,36316669,157,*,303569,0
chr22,36326568,36326661,94,*,303577,0
chrX,41141293,41141431,139,*,306224,0
chrX,66193502,66193638,137,*,307276,0
chrX,91876781,91879998,3218,*,308009,0
chrX,92387735,92387933,199,*,308015,0
chrX,96881579,96881718,140,*,308044,0
chrX,105484313,105484387,75,*,308430,0
chrX,108680885,108680956,72,*,308652,0
chrX,118990470,118990560,91,*,308969,0
chrX,18954254,18954412,159,*,311072,0
chrX,19004758,19004879,122,*,311080,0
chrX,32310082,32310276,195,*,311424,0
chrX,32501755,32501842,88,*,311448,0
chrX,109661531,109661645,115,*,313932,0
chrX,115005197,115005315,119,*,314048,0
chrX,130069300,130069677,378,*,314495,0
chrX,130071040,130071232,193,*,314496,0
chrX,154362661,154362784,124,*,315550,0
